{"cameraMode":{"drawMode":0,"name":"Shaded","section":"Shading Mode"},"sceneLighting":true,"audioPlay":false,"sceneViewState":{"m_AlwaysRefresh":false,"showFog":true,"showSkybox":true,"showFlares":true,"showImageEffects":true,"showParticleSystems":true,"showVisualEffectGraphs":true,"m_FxEnabled":true},"in2DMode":false,"pivot":{"x":-4.315448760986328,"y":2.5504679679870607,"z":-24.72275733947754},"rotation":{"x":0.013403416611254216,"y":-0.8616536259651184,"z":0.023453958332538606,"w":0.5070850849151611},"size":3.4013261795043947,"orthographic":false}